{
  "demand": 0.372,
  "temp": 12.4,
  "hour": 23.0,
  "dayofweek": 4.0,
  "month": 7.0,
  "hour_sin": -0.25881904510252157,
  "hour_cos": 0.9659258262890681,
  "lag_1": 1.582,
  "lag_2": 0.858,
  "lag_3": 1.897,
  "lag_24": 0.349,
  "rolling_mean_3": 0.9373333333333332,
  "rolling_mean_6": 0.9235000000000001
}